{
  "id": "3159375",
  "name": "135期",
  "font_family": "iconfont",
  "css_prefix_text": "icon-",
  "description": "",
  "glyphs": [
    {
      "icon_id": "27403302",
      "name": "add",
      "font_class": "add",
      "unicode": "e605",
      "unicode_decimal": 58885
    },
    {
      "icon_id": "27403303",
      "name": "cancle",
      "font_class": "cancle",
      "unicode": "e606",
      "unicode_decimal": 58886
    },
    {
      "icon_id": "27403304",
      "name": "delete",
      "font_class": "delete",
      "unicode": "e607",
      "unicode_decimal": 58887
    },
    {
      "icon_id": "27403305",
      "name": "edit",
      "font_class": "edit",
      "unicode": "e608",
      "unicode_decimal": 58888
    },
    {
      "icon_id": "27403306",
      "name": "time",
      "font_class": "time",
      "unicode": "e609",
      "unicode_decimal": 58889
    },
    {
      "icon_id": "27403307",
      "name": "preview",
      "font_class": "preview",
      "unicode": "e60a",
      "unicode_decimal": 58890
    },
    {
      "icon_id": "27403308",
      "name": "share",
      "font_class": "share",
      "unicode": "e60b",
      "unicode_decimal": 58891
    }
  ]
}
